Date,VIX,SPY,VIX1D,VIX1W,SPY1D,SPY1W,VXX,VXX3W
1/25/2018,11.58,283.299988,0.009590235,-0.052373159,0.000423741,0.014902819,27.66,0
1/26/2018,11.08,286.579987,-0.043177893,-0.016858917,0.01157783,0.022003434,27.66,0
1/29/2018,13.84,284.679993,0.249097473,0.254759746,-0.006629891,0.007039481,29.58,0
1/30/2018,14.79,281.76001,0.068641618,0.332432432,-0.010257071,-0.005400822,30.549999,0
1/31/2018,13.54,281.899994,-0.084516565,0.180470793,0.00049682,-0.00452009,30.65,0
2/1/2018,13.47,281.579987,-0.005169867,0.163212435,-0.001135179,-0.006071306,29.107,0
2/2/2018,17.309999,275.450012,0.285077877,0.562274278,-0.021769924,-0.038837237,32.849998,0
2/5/2018,37.32,263.929993,1.155979327,1.696531792,-0.041822539,-0.072888859,43.860001,1
2/6/2018,29.98,269.130005,-0.196677385,1.027045301,0.01970224,-0.044825399,43.116001,0
2/7/2018,27.73,267.670013,-0.075050033,1.048005908,-0.005424858,-0.050478827,44.540001,0
2/8/2018,33.459999,257.630005,0.206635377,1.48403853,-0.037508901,-0.085055697,55.18,1
2/9/2018,29.059999,261.5,-0.131500303,0.678798422,0.015021523,-0.050644441,50.279999,1
2/12/2018,25.610001,265.339996,-0.118719825,-0.313772749,0.014684497,0.005342337,48.549999,1
2/13/2018,24.969999,266,-0.024990315,-0.167111441,0.00248739,-0.011630086,47.970001,1
2/14/2018,19.26,269.589996,-0.228674378,-0.305445366,0.013496226,0.007172948,42.48,0
2/15/2018,19.129999,273.029999,-0.006749792,-0.428272577,0.012760129,0.059775623,41.5,1
2/16/2018,19.459999,273.109985,0.017250393,-0.330351009,0.000292957,0.044397648,42.119999,1
2/20/2018,20.6,271.399994,0.05858176,-0.19562674,-0.006261181,0.022838615,43.84,1
2/21/2018,20.02,270.049988,-0.02815534,-0.198237853,-0.00497423,0.015225519,44.5,1
2/22/2018,18.719999,270.399994,-0.064935115,-0.028037435,0.001296079,0.003004555,43.919998,1
2/23/2018,16.49,274.709991,-0.119123885,-0.138003091,0.015939338,0.006153141,40.490002,1
2/26/2018,15.8,277.899994,-0.041843542,-0.188078067,0.011612257,0.017538755,39.279999,0
2/27/2018,18.59,274.429993,0.176582278,-0.097572816,-0.01248651,0.01116433,42.41,0
2/28/2018,19.85,271.649994,0.067778375,-0.008491508,-0.010130084,0.005924851,44.16,1
3/1/2018,22.469999,267.700012,0.131989874,0.200320524,-0.014540703,-0.009985141,47.200001,1
3/2/2018,19.59,269.079987,-0.128170856,0.187992723,0.005154931,-0.020494355,45.119999,0
3/5/2018,18.73,272.190002,-0.043899949,0.185443038,0.011557957,-0.020546931,43.459999,0
3/6/2018,18.360001,272.880005,-0.019754351,-0.012372189,0.002535005,-0.005648027,43.689999,0
3/7/2018,17.76,272.779999,-0.032679791,-0.105289673,-0.000366483,0.004159783,43.040001,0
3/8/2018,16.540001,274.100006,-0.068693637,-0.263907355,0.00483909,0.023907335,42.59,0
3/9/2018,14.64,278.869995,-0.114873089,-0.252679939,0.017402367,0.036383263,38.25,0
3/12/2018,15.78,278.519989,0.077868852,-0.157501335,-0.001255087,0.023255766,39.759998,0
3/13/2018,16.35,276.720001,0.036121673,-0.109477173,-0.006462689,0.014072105,40.709999,0
3/14/2018,17.23,275.299988,0.05382263,-0.029842342,-0.005131588,0.009238174,41.599998,0
3/15/2018,16.59,275,-0.037144515,0.003022914,-0.001089677,0.003283451,40.439999,0
3/16/2018,15.8,274.200012,-0.047619048,0.079234973,-0.002909047,-0.016746093,39.299999,0
3/19/2018,19.02,270.48999,0.203797468,0.205323194,-0.01353035,-0.028830961,43.369999,0
3/20/2018,18.200001,270.950012,-0.043112461,0.113149908,0.001700699,-0.020851362,42.540001,0
3/21/2018,17.860001,270.429993,-0.018681318,0.03656419,-0.001919243,-0.017689776,40.990002,0
3/22/2018,23.34,263.670013,0.306830834,0.406871609,-0.024997153,-0.041199953,47.200001,1
3/23/2018,24.870001,258.049988,0.065552742,0.574050696,-0.021314616,-0.058898699,50,1
3/26/2018,21.030001,265.109985,-0.154402889,0.105678286,0.027359029,-0.019889849,46.299999,1
3/27/2018,22.5,260.600006,0.069900092,0.236263668,-0.017011728,-0.03819895,49.779999,1
3/28/2018,22.870001,259.829987,0.016444489,0.280515102,-0.002954793,-0.039196858,50.095001,1
3/29/2018,19.969999,263.149994,-0.126803755,-0.144387361,0.012777613,-0.001972234,49,1
4/2/2018,23.620001,257.470001,0.182774271,-0.050261357,-0.021584621,-0.002247576,51.84,1
4/3/2018,21.1,260.769989,-0.106689284,0.003328531,0.012816981,-0.016370549,49.619999,1
4/4/2018,20.059999,263.559998,-0.049289147,-0.108444489,0.010699118,0.011358373,48.68,1
4/5/2018,18.940001,265.640015,-0.055832406,-0.171840832,0.007892006,0.022360883,47.369999,1
4/6/2018,21.49,259.720001,0.134635632,0.076114225,-0.022285852,-0.013034365,49.799999,1
4/9/2018,21.77,261,0.013029316,-0.078323494,0.004928381,0.013710331,49.799999,1
4/10/2018,20.469999,265.149994,-0.05971525,-0.029857867,0.01590036,0.016796431,49.799999,1
4/11/2018,20.24,263.76001,-0.011235907,0.008973131,-0.005242255,0.000758886,49.799999,1
4/12/2018,18.49,265.929993,-0.086462451,-0.023759291,0.008227111,0.00109162,48.09,1
4/13/2018,17.41,265.149994,-0.058409951,-0.189855747,-0.002933099,0.020907104,45.98,1
4/16/2018,16.559999,267.329987,-0.048822573,-0.239320211,0.008221735,0.024252824,43.650002,1
4/17/2018,15.25,270.190002,-0.079106225,-0.255007291,0.010698444,0.019008139,40.299999,1
4/18/2018,15.6,270.390015,0.02295082,-0.229249012,0.000740268,0.025136506,40.560001,1
4/19/2018,15.96,268.890015,0.023076923,-0.136830719,-0.005547542,0.011130832,40.970001,1
4/20/2018,16.879999,266.609985,0.057644048,-0.030442332,-0.008479415,0.005506283,42.110001,1
4/23/2018,16.34,266.570007,-0.031990464,-0.013284965,-0.000149949,-0.002842854,41.599998,1
4/24/2018,18.02,262.980011,0.102815177,0.181639344,-0.013467367,-0.026684892,41.59,1
4/25/2018,17.84,263.630005,-0.009988901,0.143589744,0.002471648,-0.02500096,44.549999,1
4/26/2018,16.24,266.309998,-0.089686099,0.01754386,0.010165736,-0.009595064,42.459999,1
4/27/2018,15.41,266.559998,-0.051108374,-0.087085254,0.000938756,-0.000187491,41.424999,1
4/30/2018,15.93,264.51001,0.033744322,-0.025091799,-0.007690531,-0.00772779,41.02,1
5/1/2018,15.49,264.980011,-0.027620841,-0.140399556,0.001776874,0.007605141,42.360001,1
5/2/2018,15.97,263.200012,0.030987734,-0.104820628,-0.006717484,-0.001631047,39.759998,1
5/3/2018,15.9,262.619995,-0.004383219,-0.020935961,-0.002203712,-0.013856044,43,1
5/4/2018,14.77,266.019989,-0.071069182,-0.041531473,0.01294644,-0.002025844,40.299999,1
5/7/2018,14.75,266.920013,-0.001354096,-0.074074074,0.003383295,0.009111198,39.75,1
5/8/2018,14.71,266.920013,-0.002711864,-0.050355068,0,0.007321315,39.75,1
5/9/2018,13.42,269.5,-0.087695445,-0.159674389,0.009665768,0.023936124,38.790001,1
5/10/2018,13.23,272.019989,-0.014157973,-0.167924528,0.009350609,0.035793139,36.709999,1
5/11/2018,12.65,272.850006,-0.043839758,-0.143534191,0.003051309,0.025674826,35.830002,1
5/14/2018,12.93,272.980011,0.022134387,-0.123389831,0.000476471,0.022703423,34.779999,1
5/15/2018,14.63,271.100006,0.131477185,-0.005438477,-0.006886969,0.015660096,37.299999,1
5/16/2018,13.42,272.23999,-0.082706767,0,0.004205031,0.010166939,36.064999,1
5/17/2018,13.43,272.01001,0.000745156,0.015117158,-0.000844769,-3.66848E-05,35.169998,1
5/18/2018,13.42,271.329987,-0.000744602,0.060869565,-0.002499993,-0.005570896,35.419998,1
5/21/2018,13.08,273.369995,-0.02533532,0.011600928,0.00751855,0.001428617,34,1
5/22/2018,13.22,272.609985,0.010703364,-0.096377307,-0.002780151,0.005569823,34.242001,1
5/23/2018,12.58,273.359985,-0.048411498,-0.062593145,0.002751183,0.004113999,33.98,1
5/24/2018,12.53,272.799988,-0.003974563,-0.067014147,-0.00204857,0.002904224,34.18,1
5/25/2018,13.22,272.149994,0.055067837,-0.01490313,-0.002382676,0.003022176,33.82,1
5/29/2018,17.02,269.019989,0.287443268,0.301223242,-0.011501029,-0.015912522,38.419998,1
5/30/2018,14.94,272.609985,-0.122209166,0.1301059,0.013344718,0,36.560001,1
5/31/2018,15.43,270.940002,0.032797858,0.226550079,-0.006125905,-0.008852733,36.939999,1
6/1/2018,13.46,273.600006,-0.127673364,0.074221868,0.009817687,0.002932617,35.130001,1
6/4/2018,12.74,274.899994,-0.053491828,-0.036308623,0.004751418,0.010104722,35.130001,0
6/5/2018,12.4,275.100006,-0.026687598,-0.271445358,0.000727581,0.022600614,34.02,0
6/6/2018,11.64,277.399994,-0.061290323,-0.220883534,0.008360552,0.017570923,32.439999,0
6/7/2018,12.13,277.369995,0.04209622,-0.213869086,-0.000108143,0.023732166,32.82,0
6/8/2018,12.18,278.190002,0.004122012,-0.095096582,0.002956365,0.016776301,32.43,0
6/11/2018,12.35,278.559998,0.013957307,-0.030612245,0.001330012,0.013313947,32.080002,0
6/12/2018,12.34,278.920013,-0.000809717,-0.00483871,0.001292415,0.013885885,31.98,0
6/13/2018,12.94,278.029999,0.048622366,0.111683849,-0.003190929,0.002271107,32.139999,0
6/14/2018,12.12,278.730011,-0.063369397,-0.000824402,0.002517757,0.004903256,31.271999,0
6/15/2018,11.98,277.130005,-0.011551155,-0.016420361,-0.005740343,-0.003810335,31.620001,0
6/18/2018,12.31,276.559998,0.02754591,-0.003238866,-0.002056822,-0.007179782,31.249001,0
6/19/2018,13.35,275.5,0.084484159,0.08184765,-0.003832796,-0.012261626,32.839001,0
6/20/2018,12.79,275.970001,-0.041947566,-0.011591963,0.001705993,-0.007409265,32.09,1
6/21/2018,14.64,274.23999,0.144644253,0.207920792,-0.006268837,-0.016108854,34.209999,1
6/22/2018,13.77,274.73999,-0.05942623,0.149415693,0.001823221,-0.008624165,33.32,1
6/25/2018,17.33,271,0.258533043,0.407798538,-0.013612834,-0.020104129,38.099998,1
6/26/2018,15.92,271.600006,-0.0813618,0.192509363,0.002214044,-0.014156058,36.540001,1
6/27/2018,17.91,269.350006,0.125,0.400312744,-0.008284241,-0.023988096,38.5,1
6/28/2018,16.85,270.890015,-0.059184813,0.150956284,0.005717501,-0.012215487,39.200001,1
6/29/2018,16.09,271.279999,-0.045103858,0.168482208,0.00143964,-0.012593693,36.919998,1
7/2/2018,15.6,271.859985,-0.030453698,-0.09982689,0.002137961,0.003173376,37.740002,1
7/3/2018,16.139999,270.899994,0.034615321,0.013819033,-0.003531196,-0.002577364,37.740002,1
7/5/2018,14.97,273.109985,-0.072490649,-0.164154104,0.008157959,0.013959454,36.16,1
7/6/2018,13.37,275.420013,-0.106880428,-0.20652819,0.008458233,0.016722647,34.365002,1
7/9/2018,12.69,277.899994,-0.050860135,-0.211311374,0.00900436,0.024402813,32.48,1
7/10/2018,12.64,278.899994,-0.00394011,-0.18974359,0.003598417,0.025895716,31.790001,1
7/11/2018,13.63,276.859985,0.078322785,-0.155514198,-0.007314482,0.022000706,32.84,1
7/12/2018,12.58,279.369995,-0.07703595,-0.159652639,0.009065991,0.022921205,32,1
7/13/2018,12.18,279.589996,-0.031796502,-0.089005236,0.00078749,0.01514045,31.729,1
7/16/2018,12.83,279.339996,0.053366174,0.011032309,-0.000894166,0.005181727,31.24,1
7/17/2018,12.06,280.470001,-0.060015588,-0.045886076,0.004045267,0.005629283,30.719999,1
7/18/2018,12.1,281.059998,0.00331675,-0.112252384,0.002103601,0.01517017,30.559999,1
7/19/2018,12.87,280,0.063636364,0.023052464,-0.00377143,0.002255092,31.200001,1
7/20/2018,12.86,279.679993,-0.000777001,0.055829228,-0.001142882,0.000321889,31.267,1
7/23/2018,12.62,280.200012,-0.018662519,-0.016367888,0.001859336,0.003078743,31.559999,0
7/24/2018,12.41,281.609985,-0.016640254,0.029021559,0.005032023,0.004064549,30.74,1
7/25/2018,12.29,284.01001,-0.009669621,0.015702479,0.008522514,0.010496022,30.459999,0
7/26/2018,12.14,283.339996,-0.012205045,-0.056721057,-0.002359121,0.011928557,30.540001,1
7/27/2018,13.03,281.420013,0.073311367,0.013219285,-0.006776251,0.006221468,31.540001,1
7/30/2018,14.26,279.950012,0.094397544,0.129952456,-0.005223513,-0.00089222,32.130001,1
7/31/2018,12.83,281.329987,-0.100280505,0.033843674,0.004929362,-0.000994276,31.379999,1
8/1/2018,13.15,280.859985,0.024941543,0.06997559,-0.001670643,-0.011091246,31,1
8/2/2018,12.19,282.390015,-0.073003802,0.004118616,0.005447661,-0.003352795,30.68,1
8/3/2018,11.64,283.600006,-0.04511895,-0.106676899,0.004284822,0.007746404,30.139999,1
8/6/2018,11.27,284.640015,-0.031786942,-0.209677419,0.003667168,0.016753002,29.268,1
8/7/2018,10.93,285.579987,-0.030168589,-0.148090413,0.003302319,0.015106815,28.559999,0
8/8/2018,10.85,285.459991,-0.007319305,-0.174904943,-0.000420184,0.016378289,28.032,0
8/9/2018,11.27,285.070007,0.038709677,-0.075471698,-0.00136616,0.009490392,28.530001,0
8/10/2018,13.16,283.160004,0.167701863,0.130584192,-0.006700119,-0.001551488,29.959999,1
8/13/2018,14.78,282.100006,0.123100304,0.311446318,-0.003743459,-0.008923584,31.700001,1
8/14/2018,13.31,283.899994,-0.099458728,0.217749314,0.006380673,-0.005882741,30.1,1
8/15/2018,14.64,281.779999,0.099924869,0.349308756,-0.007467401,-0.012891446,31.98,1
8/16/2018,13.45,284.059998,-0.081284153,0.193433895,0.008091415,-0.003543021,30.23,0
8/17/2018,12.64,285.059998,-0.060223048,-0.039513678,0.003520383,0.006709966,29.49,0
8/20/2018,12.49,285.670013,-0.011867089,-0.154939107,0.002139953,0.012655111,28.879999,0
8/21/2018,12.86,286.339996,0.029623699,-0.033809166,0.002345304,0.008594583,29.459999,1
8/22/2018,12.25,286.170013,-0.047433904,-0.163251366,-0.00059364,0.01557958,28.950001,1
8/23/2018,12.41,285.790009,0.013061224,-0.07732342,-0.001327896,0.006090301,29.030001,1
8/24/2018,11.99,287.51001,-0.033843674,-0.051424051,0.006018408,0.008594724,28.860001,1
8/27/2018,12.16,289.779999,0.014178482,-0.026421137,0.007895339,0.01438718,28.9,1
8/28/2018,12.5,289.920013,0.027960526,-0.027993779,0.000483173,0.012502679,28.93,1
8/29/2018,12.25,291.480011,-0.02,0,0.005380788,0.018555396,28.65,1
8/30/2018,13.53,290.299988,0.104489796,0.090249799,-0.004048384,0.015780744,29.51,1
8/31/2018,12.86,290.309998,-0.049519586,0.072560467,3.44816E-05,0.00973875,29.690001,1
9/4/2018,13.16,289.809998,0.023328149,0.082236842,-0.001722297,0.000103523,29.280001,1
9/5/2018,13.91,289.029999,0.056990881,0.1128,-0.002691415,-0.003069861,29.459999,1
9/6/2018,14.65,288.160004,0.053199137,0.195918367,-0.003010051,-0.01139017,30.360001,1
9/7/2018,14.88,287.600006,0.015699659,0.099778271,-0.001943358,-0.009300662,30.809999,1
9/10/2018,14.16,288.100006,-0.048387097,0.101088647,0.001738526,-0.007612525,29.98,1
9/11/2018,13.22,289.049988,-0.066384181,0.004559271,0.003297404,-0.002622442,29.1,1
9/12/2018,13.14,289.119995,-0.006051437,-0.055355859,0.000242197,0.000311373,28.719999,1
9/13/2018,12.37,290.829987,-0.058599696,-0.155631399,0.005914472,0.009265627,27.940001,1
9/14/2018,12.07,290.880005,-0.024252223,-0.188844086,0.000171984,0.011404725,27.35,0
9/17/2018,13.68,289.339996,0.133388567,-0.033898305,-0.00529431,0.004304026,28.200001,0
9/18/2018,12.79,290.910004,-0.06505848,-0.032526475,0.00542617,0.006434928,28.049999,0
9/19/2018,11.75,291.220001,-0.081313526,-0.105783866,0.001065611,0.007263441,27.08,0
9/20/2018,11.8,293.579987,0.004255319,-0.046079224,0.008103791,0.009455696,26.639999,0
9/21/2018,11.68,291.98999,-0.010169492,-0.032311516,-0.00541589,0.003815955,26.566,0
9/24/2018,12.2,291.019989,0.044520548,-0.108187135,-0.003322035,0.005806294,26.67,0
9/25/2018,12.42,290.75,0.018032787,-0.028928851,-0.000927734,-0.000550012,26.92,0
9/26/2018,12.89,289.880005,0.03784219,0.097021277,-0.002992244,-0.004601319,27,0
9/27/2018,12.41,290.690002,-0.037238169,0.051694915,0.002794249,-0.009843944,26.74,0
9/28/2018,12.12,290.720001,-0.023368251,0.037671233,0.000103199,-0.004349426,26.700001,0
10/1/2018,12,291.730011,-0.00990099,-0.016393443,0.003474168,0.002439771,26.4,0
10/2/2018,12.05,291.559998,0.004166667,-0.02979066,-0.000582775,0.002785892,26.4,0
10/3/2018,11.61,291.720001,-0.036514523,-0.099301784,0.000548782,0.00634744,26.200001,0
10/4/2018,14.22,289.440002,0.224806202,0.145850121,-0.00781571,-0.004300113,27.799999,0
10/5/2018,14.82,287.820007,0.042194093,0.222772277,-0.005596998,-0.009975213,28.24,0
10/8/2018,15.69,287.820007,0.058704453,0.3075,0,-0.013402817,28.639999,0
10/9/2018,15.95,287.399994,0.016571064,0.323651452,-0.00145929,-0.014268089,29.08,0
10/10/2018,22.959999,278.299988,0.43949837,0.977605426,-0.031663209,-0.046003061,33.950001,0
10/11/2018,24.98,272.170013,0.087979141,0.756680731,-0.022026501,-0.059666905,36.860001,1
10/12/2018,21.309999,275.950012,-0.146917574,0.43792166,0.013888374,-0.041241035,34.07,0
10/15/2018,21.299999,274.399994,-0.000469263,0.357552518,-0.005617025,-0.046626408,34.27,0
10/16/2018,17.620001,280.399994,-0.172769867,0.104702257,0.02186589,-0.024356298,32.080002,0
10/17/2018,17.4,280.450012,-0.012485868,-0.242160246,0.000178381,0.007725563,32.459999,0
10/18/2018,20.059999,276.399994,0.152873506,-0.196957606,-0.01444114,0.015541686,34.849998,1
10/19/2018,19.889999,276.25,-0.008474577,-0.066635386,-0.00054267,0.00108711,34.27,1
10/22/2018,19.639999,275.01001,-0.012569131,-0.077934276,-0.004488652,0.00222309,34.580002,0
10/23/2018,20.709999,273.609985,0.054480655,0.175368776,-0.005090815,-0.024215439,35.889999,0
10/24/2018,25.23,265.320007,0.218252111,0.45,-0.030298521,-0.053949026,38.66,1
10/25/2018,24.219999,270.079987,-0.040031748,0.207377877,0.017940524,-0.022865438,37.860001,1
10/26/2018,24.16,265.329987,-0.00247725,0.214680805,-0.017587382,-0.039529459,39.990002,1
10/29/2018,24.700001,263.859985,0.022351035,0.257637589,-0.005540278,-0.04054407,40.34,1
10/30/2018,23.35,267.769989,-0.054655909,0.127474704,0.01481848,-0.021344236,38.810001,0
10/31/2018,21.23,270.630005,-0.090792291,-0.158541419,0.010680868,0.02001356,37.580002,0
11/1/2018,19.34,273.51001,-0.089024965,-0.201486342,0.010641854,0.012700027,36.369999,0
11/2/2018,19.51,271.890015,0.008790072,-0.192466887,-0.005922982,0.024724035,36.66,1
11/5/2018,19.959999,273.390015,0.023065044,-0.191902907,0.005516937,0.036117754,36.310001,1
11/6/2018,19.91,275.119995,-0.00250496,-0.14732334,0.006327883,0.027448954,35.080002,1
11/7/2018,16.360001,281.01001,-0.17830231,-0.229392322,0.021408895,0.038354967,32.650002,0
11/8/2018,16.719999,280.5,0.022004766,-0.135470579,-0.001814918,0.025556615,32.5,0
11/9/2018,17.360001,277.76001,0.038277634,-0.110199846,-0.009768235,0.021589594,33.233002,1
11/12/2018,20.450001,272.570007,0.177995381,0.0245492,-0.018685206,-0.002999407,36.060001,0
11/13/2018,20.02,272.059998,-0.021026943,0.005524862,-0.001871112,-0.011122409,36.330002,0
11/14/2018,21.25,270.200012,0.061438561,0.298899676,-0.006836676,-0.038468373,37.27,0
11/15/2018,19.98,273.019989,-0.059764706,0.194976148,0.010436628,-0.026666706,36.880001,0
11/16/2018,18.139999,273.730011,-0.092092142,0.044930758,0.002600623,-0.014508924,35.189999,0
11/19/2018,20.1,269.100006,0.108048573,-0.017114962,-0.016914495,-0.012730678,37.25,0
11/20/2018,22.48,264.119995,0.11840796,0.122877123,-0.018506172,-0.02918475,39.330002,1
11/21/2018,20.799999,265.019989,-0.074733141,-0.021176518,0.003407519,-0.019171069,38.41,0
11/23/2018,21.52,263.25,0.034615434,0.077077077,-0.0066787,-0.035784885,38.740002,0
11/26/2018,18.9,267.5,-0.121747212,0.041896419,0.016144349,-0.022759693,36.549999,0
11/27/2018,19.02,268.399994,0.006349206,-0.053731343,0.003364464,-0.002601308,35.900002,0
11/28/2018,18.49,274.579987,-0.027865405,-0.177491103,0.02302531,0.039603181,34.84,0
11/29/2018,18.790001,273.980011,0.016225041,-0.096634524,-0.002185068,0.033808854,35.470001,0
11/30/2018,18.07,275.649994,-0.038318306,-0.160315985,0.006095273,0.047103491,34.470001,0
12/3/2018,16.440001,279.299988,-0.090204704,-0.130158677,0.013241408,0.044112105,32.599998,0
12/4/2018,20.74,270.25,0.261557101,0.090431125,-0.032402393,0.00689272,36.84,0
12/6/2018,21.190001,269.839996,0.021697252,0.146024932,-0.001517129,-0.017262697,37.790001,0
12/7/2018,23.23,263.570007,0.096271775,0.236295836,-0.023235951,-0.037995487,40.32,0
12/10/2018,22.639999,264.070007,-0.025398235,0.252905313,0.001897029,-0.042009749,39.93,0
12/11/2018,21.76,264.130005,-0.038869215,0.323600893,0.000227205,-0.054314299,39.937,0
12/12/2018,21.459999,265.459991,-0.013786811,0.034715477,0.005035346,-0.017724363,39.619999,0
12/13/2018,20.65,265.369995,-0.037744596,-0.025483765,-0.000339019,-0.016565376,39.009998,0
12/14/2018,21.629999,260.470001,0.047457579,-0.068876496,-0.018464763,-0.011761604,40.599998,0
12/17/2018,24.52,255.360001,0.133610778,0.083038917,-0.019618382,-0.0329837,42.59,1
12/18/2018,25.58,255.080002,0.043230016,0.175551471,-0.001096487,-0.034263442,42.790001,1
12/19/2018,25.58,251.259995,0,0.191985144,-0.014975721,-0.053492038,42.639999,1
12/20/2018,28.379999,247.169998,0.109460477,0.374334092,-0.016277947,-0.068583477,44.810001,1
12/21/2018,30.110001,240.699997,0.060958494,0.392048192,-0.02617632,-0.07590127,47.07,1
12/24/2018,36.07,234.339996,0.197940844,0.471044046,-0.026422938,-0.082315182,49.43,1
12/26/2018,30.41,246.179993,-0.156917106,0.18881939,0.050524866,-0.03489105,46.810001,1
12/27/2018,29.959999,248.070007,-0.014797797,0.171227482,0.007677366,-0.012695965,48.790001,1
12/28/2018,28.34,247.75,-0.054072065,-0.001409408,-0.001289987,0.002346571,48.709999,1
12/31/2018,25.42,249.919998,-0.10303458,-0.155762233,0.008758821,0.038304949,46.990002,1
1/2/2019,23.219999,250.179993,-0.086546066,-0.35625176,0.001040313,0.067594082,45.740002,1
1/3/2019,25.450001,244.210007,0.096037989,-0.163104209,-0.023862763,-0.008002218,47.639999,1
1/4/2019,21.379999,252.389999,-0.159921487,-0.286381852,0.033495728,0.017414407,43.860001,1
1/7/2019,21.4,254.380005,0.000935501,-0.244883557,0.007884647,0.026760868,42.880001,1
1/8/2019,20.469999,256.769989,-0.043457991,-0.1947286,0.00939533,0.027408735,42.009998,1
1/9/2019,19.98,257.970001,-0.023937422,-0.139534847,0.00467349,0.031137614,41.02,1
1/10/2019,19.5,258.880005,-0.024024024,-0.233791779,0.003527557,0.06007124,40.59,1
1/11/2019,18.190001,258.980011,-0.067179436,-0.149204778,0.000386303,0.026110432,39.27,1
1/14/2019,19.07,257.399994,0.048378172,-0.108878505,-0.006100923,0.011871959,39.380001,1
1/15/2019,18.6,260.350006,-0.024646041,-0.091353155,0.011460808,0.013942506,37.669998,1
1/16/2019,19.040001,260.980011,0.023655968,-0.047046997,0.002419839,0.011668062,38.43,1
1/17/2019,18.059999,262.959991,-0.051470691,-0.073846205,0.007586711,0.015760143,38,1
1/18/2019,17.799999,266.459991,-0.014396457,-0.021440461,0.01331001,0.028882461,37.060001,1
1/22/2019,20.799999,262.859985,0.168539335,0.090718353,-0.013510494,0.021212087,40.32,1
1/23/2019,19.52,263.410004,-0.061538416,0.049462366,0.002092441,0.011753401,40.099998,1
1/24/2019,18.889999,263.549988,-0.032274641,-0.007878256,0.00053143,0.009847409,38.68,1
1/25/2019,17.42,265.779999,-0.077818903,-0.035437377,0.008461435,0.010724095,37.23,1
1/28/2019,18.870001,263.76001,0.083237715,0.060112475,-0.00760023,-0.010132782,38.77,1
1/29/2019,19.129999,263.410004,0.013778378,-0.080288465,-0.001326987,0.002092441,38.66,1
1/30/2019,17.66,267.579987,-0.076842607,-0.095286885,0.015830769,0.015830769,36.959999,1
1/31/2019,16.57,269.929993,-0.061721404,-0.122816258,0.008782443,0.02420795,35.43,1
2/1/2019,16.139999,270.059998,-0.025950573,-0.073478817,0.000481625,0.016103541,35.09,1
2/4/2019,15.73,271.959991,-0.025402666,-0.16640174,0.007035448,0.031088795,34,1
2/5/2019,15.57,273.100006,-0.010171647,-0.186095096,0.004191848,0.036786765,33.709999,1
2/6/2019,15.38,272.73999,-0.012202954,-0.129105323,-0.001318257,0.019283965,33.529999,1
2/7/2019,16.370001,270.140015,0.064369376,-0.012069946,-0.009532797,0.000778061,34.650002,1
2/8/2019,15.72,270.470001,-0.039706839,-0.026022244,0.001221537,0.001518192,34.23,1
2/11/2019,15.97,270.619995,0.015903308,0.01525747,0.000554568,-0.004927181,33.860001,1
2/12/2019,15.43,274.100006,-0.0338134,-0.008991651,0.012859401,0.003661662,33.25,1
2/13/2019,15.65,274.98999,0.014257939,0.017555267,0.003246932,0.008249615,33.169998,1
2/14/2019,16.219999,274.380005,0.036421661,-0.009163225,-0.002218208,0.015695527,33.77,1
2/15/2019,14.91,277.369995,-0.080764432,-0.051526718,0.010897259,0.025511125,32.59,1
2/19/2019,14.88,277.850006,-0.002012072,-0.068252974,0.00173058,0.02671647,32.689999,1
2/20/2019,14.02,278.410004,-0.057795699,-0.091380428,0.002015469,0.015724181,31.379999,1
2/21/2019,14.46,277.420013,0.031383738,-0.076038339,-0.003555874,0.008836769,31.790001,1
2/22/2019,13.51,279.140015,-0.065698479,-0.167077631,0.006199993,0.017348239,30.59,1
2/25/2019,14.85,279.519989,0.099185788,-0.004024145,0.001361231,0.007751358,31.139999,1
2/26/2019,15.17,279.320007,0.021548822,0.019489247,-0.000715448,0.005290628,31.4,1
2/27/2019,14.7,279.200012,-0.030982202,0.04850214,-0.000429597,0.00283757,31.43,1
2/28/2019,14.78,278.679993,0.005442177,0.022130014,-0.001862532,0.004541778,31.41,1
3/1/2019,13.57,280.420013,-0.081867388,0.004441155,0.006243792,0.004585505,29.98,0
3/4/2019,14.63,279.399994,0.078113486,-0.014814815,-0.003637469,-0.00042929,30.709999,0
3/5/2019,14.74,279.019989,0.007518797,-0.028345419,-0.001360075,-0.001074101,30.889999,1
3/6/2019,15.74,277.329987,0.067842605,0.070748299,-0.006056921,-0.006697797,31.799999,1
3/7/2019,16.59,275.01001,0.054002541,0.122462788,-0.008365403,-0.013169166,33.009998,1
3/8/2019,16.049999,274.459991,-0.032549789,0.182756006,-0.001999996,-0.021253911,33.23,1
3/11/2019,14.33,278.440002,-0.107165053,-0.02050581,0.014501243,-0.003435906,30.809999,1
3/12/2019,13.77,279.48999,-0.039078856,-0.065807327,0.003770967,0.001684471,29.940001,1
3/13/2019,13.41,281.339996,-0.026143791,-0.148030496,0.006619221,0.014459342,29.620001,1
3/14/2019,13.5,281.160004,0.006711409,-0.186256781,-0.000639767,0.022362801,29.129999,1
3/15/2019,12.88,281.309998,-0.045925926,-0.197507738,0.000533483,0.024958126,28.59,1
3/18/2019,13.1,282.329987,0.017080745,-0.085833915,0.003625854,0.01397064,28.66,1
3/19/2019,13.56,282.399994,0.035114504,-0.015250545,0.000247962,0.010411836,28.85,0
3/20/2019,13.91,281.549988,0.025811209,0.037285608,-0.003009936,0.000746399,29.16,1
3/21/2019,13.63,284.730011,-0.020129403,0.00962963,0.011294701,0.012697421,28.780001,1
3/22/2019,16.48,279.25,0.209097579,0.279503106,-0.019246341,-0.007322875,32.080002,1
3/25/2019,16.33,279.040009,-0.009101942,0.246564885,-0.000751982,-0.011652953,32.240002,1
3/26/2019,14.68,281.119995,-0.101041029,0.08259587,0.007454078,-0.004532574,30.42,1
3/27/2019,15.15,279.649994,0.032016349,0.0891445,-0.005229087,-0.006748336,30.879999,1
3/28/2019,14.43,280.709991,-0.047524752,0.058694057,0.003790442,-0.014118708,30.190001,1
3/29/2019,13.71,282.480011,-0.04989605,-0.168082524,0.006305511,0.011566736,29.26,1
4/1/2019,13.4,285.829987,-0.022611233,-0.179424372,0.011859161,0.024333349,28.74,1
4/2/2019,13.36,285.970001,-0.002985075,-0.089918256,0.000489851,0.017252441,28.66,1
4/3/2019,13.74,286.420013,0.028443114,-0.093069307,0.001573634,0.024208901,28.860001,1
4/4/2019,13.58,287.179993,-0.011644833,-0.058905059,0.002653376,0.023048706,28.57,1
4/5/2019,12.82,288.570007,-0.055964654,-0.06491612,0.004840219,0.021559033,28,1
4/8/2019,13.18,288.790009,0.028081123,-0.01641791,0.000762387,0.010355883,27.870001,1
4/9/2019,14.28,287.309998,0.083459788,0.068862275,-0.005124869,0.004685796,28.860001,1
4/10/2019,13.3,288.290009,-0.068627451,-0.03202329,0.003410988,0.006528859,28.049999,1
4/11/2019,13.02,288.209991,-0.021052632,-0.041237113,-0.000277561,0.003586594,27.5,1
4/12/2019,12.01,290.160004,-0.077572965,-0.063182527,0.006765945,0.005509918,26.26,0
4/15/2019,12.32,289.970001,0.025811823,-0.065250379,-0.000654821,0.004085986,25.92,0
4/16/2019,12.18,290.160004,-0.011363636,-0.147058824,0.000655251,0.00991962,25.709999,0
4/17/2019,12.6,289.450012,0.034482759,-0.052631579,-0.002446898,0.004023736,25.889999,0
4/18/2019,12.09,290.019989,-0.04047619,-0.071428571,0.001969172,0.006280136,25.48,0
4/22/2019,12.42,290.269989,0.027295285,0.034138218,0.00086201,0.000379049,25.25,0
4/23/2019,12.28,292.880005,-0.011272142,-0.003246753,0.008991684,0.010035535,25.049999,0
4/24/2019,13.14,292.230011,0.070032573,0.078817734,-0.002219318,0.007134019,25.700001,0
4/25/2019,13.25,292.049988,0.008371385,0.051587302,-0.000616032,0.00898247,26.200001,0
4/26/2019,12.73,293.410004,-0.039245283,0.052936311,0.004656792,0.011688901,25.290001,0
4/29/2019,13.11,293.869995,0.029850746,0.055555556,0.001567741,0.012402267,25.68,0
4/30/2019,13.12,294.019989,0.000762777,0.068403909,0.000510409,0.003892324,25.68,0
5/1/2019,14.8,291.809998,0.12804878,0.126331811,-0.007516465,-0.001437269,26.65,0
5/2/2019,14.42,291.179993,-0.025675676,0.088301887,-0.002158956,-0.002978925,26.690001,0
5/3/2019,12.87,294.029999,-0.107489598,0.010997643,0.009787781,0.002113067,25.42,0
5/6/2019,15.44,292.820007,0.1996892,0.177726926,-0.004115199,-0.003572968,26.860001,0
5/7/2019,19.32,287.929993,0.251295337,0.472560976,-0.016699726,-0.020712864,31.33,1
5/8/2019,19.4,287.529999,0.004140787,0.310810811,-0.001389206,-0.014667075,30.709999,1
5/9/2019,19.1,286.660004,-0.015463918,0.324549237,-0.003025754,-0.015523007,30.549999,1
5/10/2019,16.040001,288.100006,-0.160209372,0.246309324,0.00502338,-0.020167986,28.190001,0
5/13/2019,20.549999,280.859985,0.281171928,0.330958484,-0.025130236,-0.040844279,32.450001,1
5/14/2019,18.059999,283.399994,-0.121167889,-0.065217443,0.009043684,-0.015732988,30.65,1
5/15/2019,16.440001,285.059998,-0.089700891,-0.152577268,0.00585746,-0.008590411,29.360001,1
5/16/2019,15.29,287.700012,-0.069951395,-0.19947644,0.009261257,0.003628019,28.1,1
5/17/2019,15.96,285.839996,0.04381949,-0.004987593,-0.006465123,-0.007844533,28.52,1
5/20/2019,16.309999,283.950012,0.021929762,-0.206326044,-0.006612035,0.011002019,28.940001,1
5/21/2019,14.95,286.51001,-0.083384371,-0.172203719,0.009015664,0.010973945,27.48,0
5/22/2019,14.75,285.630005,-0.013377926,-0.102798108,-0.003071463,0.001999604,27.219999,0
5/23/2019,16.92,282.140015,0.147118644,0.106605625,-0.012218569,-0.019325675,29.02,1
5/24/2019,15.85,282.779999,-0.063238771,-0.006892231,0.002268321,-0.010705279,28.42,1
5/28/2019,17.5,280.149994,0.104100946,0.072961439,-0.009300534,-0.013382701,29.27,1
5/29/2019,17.9,278.269989,0.022857143,0.197324415,-0.006710709,-0.028759976,29.84,1
5/30/2019,17.299999,279.029999,-0.033519609,0.172881288,0.002731196,-0.023106837,29.309999,1
5/31/2019,18.709999,275.269989,0.081502895,0.105791903,-0.013475289,-0.024349705,30.42,1
6/3/2019,18.860001,274.570007,0.00801721,0.189905426,-0.002542893,-0.029033142,30.73,1
6/4/2019,16.969999,280.529999,-0.10021219,-0.030285771,0.021706639,0.001356434,29.02,1
6/5/2019,16.09,282.959991,-0.051856161,-0.101117318,0.008662147,0.016854142,28.459999,1
6/6/2019,15.93,284.799988,-0.009944065,-0.079190698,0.006502675,0.020678741,27.85,1
6/7/2019,16.299999,287.649994,0.023226554,-0.128808131,0.010007044,0.044974045,28.059999,1
6/10/2019,15.94,288.970001,-0.02208583,-0.154825071,0.004588935,0.052445619,27.860001,1
6/11/2019,15.99,288.899994,0.003136763,-0.057748913,-0.000242264,0.029836363,27.91,1
6/12/2019,15.91,288.390015,-0.005003127,-0.011187073,-0.001765244,0.019190077,27.780001,1
6/13/2019,15.82,289.579987,-0.00565682,-0.00690521,0.004126259,0.016783705,27.610001,1
6/14/2019,15.28,289.26001,-0.034134008,-0.06257663,-0.001104969,0.005597136,27.32,1
6/17/2019,15.35,289.369995,0.004581152,-0.037013802,0.000380229,0.001384206,27.030001,1
6/18/2019,15.15,292.399994,-0.013029316,-0.052532833,0.01047102,0.012114919,26.82,1
6/19/2019,14.33,293.059998,-0.054125413,-0.099308611,0.002257196,0.016193289,25.93,1
6/20/2019,14.75,295.859985,0.029309142,-0.067635904,0.009554313,0.021686575,26.01,1
6/21/2019,15.4,294,0.044067797,0.007853403,-0.006286707,0.016386607,26.620001,1
6/24/2019,15.26,293.640015,-0.009090909,-0.005863192,-0.001224439,0.014756264,26.379999,1
6/25/2019,16.280001,290.76001,0.066841481,0.074587525,-0.009807945,-0.005608701,27.049999,1
6/26/2019,16.209999,290.470001,-0.004299877,0.131193231,-0.000997417,-0.00883777,26.84,1
6/27/2019,15.82,291.5,-0.024059162,0.072542373,0.003545974,-0.01473665,26.42,1
6/28/2019,15.08,293,-0.046776233,-0.020779221,0.005145798,-0.003401361,26,1
7/1/2019,14.06,295.660004,-0.067639257,-0.078636959,0.009078512,0.006879134,24.559999,1
7/2/2019,12.93,296.429993,-0.080369844,-0.205774005,0.002604306,0.01950056,23.65,1
7/3/2019,12.57,298.799988,-0.027842227,-0.224552697,0.007995126,0.028677615,23.51,1
7/5/2019,13.28,298.459991,0.056483691,-0.160556258,-0.001137875,0.02387647,23.58,1
7/8/2019,13.96,296.820007,0.051204819,-0.074270557,-0.00549482,0.013037567,24.23,1
7/9/2019,14.09,297.190002,0.009312321,0.002133713,0.00124653,0.005174856,24.299999,1
7/10/2019,13.03,298.609985,-0.07523066,0.007733952,0.004778031,0.007354155,23.559999,0
7/11/2019,12.93,299.309998,-0.007674597,0.028639618,0.002344238,0.001706861,23.17,0
7/12/2019,12.39,300.649994,-0.041763341,-0.067018072,0.00447695,0.007337677,22.799999,0
7/15/2019,12.68,300.75,0.023405973,-0.091690544,0.000332633,0.013240324,22.709999,0
7/16/2019,12.86,299.779999,0.014195584,-0.087295955,-0.003225273,0.008714953,22.780001,0
7/17/2019,13.97,297.73999,0.086314152,0.072141213,-0.00680502,-0.002913483,23.360001,0
7/18/2019,13.53,298.829987,-0.031496063,0.046403712,0.003660902,-0.001603725,23.115,0
7/19/2019,14.45,297.170013,0.067997044,0.166263115,-0.005554911,-0.011574858,23.379999,0
7/22/2019,13.53,297.899994,-0.06366782,0.0670347,0.002456442,-0.009476329,22.91,0
7/23/2019,12.61,300.029999,-0.067997044,-0.019440124,0.007150067,0.000833945,22.1,0
7/24/2019,12.07,301.440002,-0.042823156,-0.136005727,0.00469954,0.01242699,21.540001,0
7/25/2019,12.74,300,0.055509528,-0.058388766,-0.004777077,0.003915313,22.200001,0
7/26/2019,12.16,302.01001,-0.045525903,-0.158477509,0.006700033,0.016286963,21.639999,0
7/29/2019,12.83,301.459991,0.055098684,-0.051736881,-0.001821195,0.011950309,21.83,0
7/30/2019,13.94,300.720001,0.086515978,0.105471848,-0.002454687,0.002299777,22.34,0
7/31/2019,16.120001,297.429993,0.156384577,0.335542751,-0.010940436,-0.013302843,23.59,0
8/1/2019,17.870001,294.839996,0.108560787,0.402668838,-0.008707921,-0.017200013,25.450001,0
8/2/2019,17.610001,292.619995,-0.014549524,0.448190872,-0.007529511,-0.031091734,25.66,0
8/5/2019,24.59,283.820007,0.396365622,0.916601715,-0.030073092,-0.058515175,29.299999,1
8/6/2019,20.17,287.799988,-0.179747865,0.446915352,0.014022905,-0.042963597,27.48,0
8/7/2019,19.49,287.970001,-0.033713436,0.209056997,0.000590733,-0.031805777,27.620001,0
8/8/2019,16.91,293.619995,-0.132375577,-0.053721374,0.019620078,-0.004137841,25.98,0
8/9/2019,17.969999,291.619995,0.062684743,0.020442815,-0.006811525,-0.003417401,26.93,0
8/12/2019,21.09,288.070007,0.17362277,-0.142334282,-0.012173335,0.014974279,28.889999,1
8/13/2019,17.52,292.549988,-0.169274538,-0.131383242,0.015551709,0.016504518,26.76,1
8/14/2019,22.1,283.899994,0.261415525,0.133914828,-0.029567576,-0.014133441,30.465,1
8/15/2019,21.18,284.649994,-0.041628959,0.252513306,0.002641775,-0.030549694,29.67,1
8/16/2019,18.469999,288.850006,-0.127950944,0.027824153,0.014755005,-0.009498625,28.030001,1
8/19/2019,16.879999,292.329987,-0.086085549,-0.199620721,0.01204771,0.014788003,25.98,1
8/20/2019,17.5,290.089996,0.036729919,-0.001141553,-0.007662543,-0.008408792,26.6,1
8/21/2019,15.8,292.450012,-0.097142857,-0.285067873,0.008135462,0.030116302,25.299999,1
8/22/2019,16.68,292.359985,0.055696203,-0.212464589,-0.000307837,0.027085864,25.75,1
8/23/2019,19.870001,284.850006,0.191247062,0.075798705,-0.025687438,-0.013848018,28.959999,1
8/26/2019,19.32,288,-0.027679968,0.144549831,0.011058431,-0.014811984,28.1,1
8/27/2019,20.309999,286.869995,0.051242184,0.160571371,-0.003923628,-0.011100007,28.67,1
8/28/2019,19.35,288.890015,-0.047267309,0.224683544,0.007041587,-0.01217301,28.02,1
8/29/2019,17.879999,292.579987,-0.075969044,0.071942386,0.01277293,0.000752504,26.85,1
8/30/2019,18.98,292.450012,0.061521312,-0.04479119,-0.000444237,0.02668073,27,1
9/3/2019,19.66,290.73999,0.035827187,0.017598344,-0.005847228,0.009513854,28.190001,1
9/4/2019,17.33,294.040009,-0.118514751,-0.146725709,0.011350413,0.024993949,26.450001,1
9/5/2019,16.27,297.820007,-0.061165609,-0.159173127,0.012855387,0.03091139,25.469999,1
9/6/2019,15,298.049988,-0.078057775,-0.161073779,0.000772215,0.018695746,24.719999,1
9/9/2019,15.27,298.200012,0.018,-0.195468915,0.000503352,0.01966148,24.48,1
9/10/2019,15.2,298.130005,-0.004584152,-0.226856562,-0.000234765,0.025417952,24.4,0
9/11/2019,14.61,300.25,-0.038815789,-0.15695326,0.007110975,0.021119544,24.02,0
9/12/2019,14.22,301.290009,-0.026694045,-0.125998771,0.00346381,0.011651339,23.450001,0
9/13/2019,13.74,301.089996,-0.033755274,-0.084,-0.000663855,0.010199658,23.08,0
9/16/2019,14.67,300.160004,0.06768559,-0.039292731,-0.003088751,0.006572743,23.42,0
9/17/2019,14.44,300.920013,-0.015678255,-0.05,0.002532013,0.00935836,23.309999,0
9/18/2019,13.95,301.100006,-0.033933518,-0.045174538,0.000598142,0.002830994,22.559999,0
9/19/2019,14.05,301.079987,0.007168459,-0.011954993,-6.64862E-05,-0.000697076,22.15,0
9/20/2019,15.32,298.279999,0.090391459,0.114992722,-0.009299814,-0.009332748,23.290001,1
9/23/2019,14.91,298.209991,-0.026762402,0.016359918,-0.000234706,-0.006496578,23.09,1
9/24/2019,17.049999,295.869995,0.143527767,0.180747853,-0.007846806,-0.016781928,24.16,1
9/25/2019,15.96,297.619995,-0.063929564,0.144086022,0.00591476,-0.011557658,23.610001,1
9/26/2019,16.07,297,0.006892231,0.143772242,-0.002083177,-0.013551173,23.809999,1
9/27/2019,17.219999,295.399994,0.071561854,0.124020822,-0.005387226,-0.009655374,24.459999,1
9/30/2019,16.24,296.769989,-0.056910514,0.089201878,0.004637762,-0.004828819,23.74,1
10/1/2019,18.559999,293.23999,0.142857081,0.088563055,-0.01189473,-0.008889056,24.790001,1
10/2/2019,20.559999,288.059998,0.107758626,0.288220489,-0.017664685,-0.032121488,26.450001,1
10/3/2019,19.120001,290.420013,-0.070038817,0.189794711,0.00819279,-0.022154838,25.440001,1
10/4/2019,17.040001,294.350006,-0.108786605,-0.010452846,0.013532101,-0.003554462,24.09,1
10/7/2019,17.860001,293.079987,0.048122063,0.099753756,-0.004314656,-0.012433879,24.27,1
10/8/2019,20.280001,288.529999,0.135498313,0.092672527,-0.015524731,-0.016061899,26.24,1
10/9/2019,18.639999,291.269989,-0.080867945,-0.093385219,0.009496378,0.011143481,25.360001,1
10/10/2019,17.57,293.23999,-0.057403383,-0.081066994,0.006763488,0.009709995,24.43,1
10/11/2019,15.58,296.279999,-0.113261241,-0.085680805,0.010366966,0.006556796,23.02,1
10/14/2019,14.57,295.950012,-0.064826701,-0.184210572,-0.001113767,0.009792634,22.27,1
10/15/2019,13.54,298.880005,-0.070693205,-0.332347173,0.009900297,0.035871507,21.690001,1
10/16/2019,13.68,298.399994,0.010339734,-0.266094381,-0.001606032,0.024479024,21.42,1
10/17/2019,13.79,299.279999,0.008040936,-0.215139442,0.002949078,0.020597494,21.290001,1
10/18/2019,14.25,297.970001,0.033357505,-0.085365854,-0.004377165,0.00570407,21.24,1
10/21/2019,14,299.98999,-0.01754386,-0.039121482,0.006779169,0.01365088,20.68,1
10/22/2019,14.46,299.01001,0.032857143,0.067946824,-0.003266709,0.000434974,21.01,1
10/23/2019,14.01,299.880005,-0.031120332,0.024122807,0.002909585,0.004959822,20.75,1
10/24/2019,13.71,300.369995,-0.021413276,-0.005801305,0.001633954,0.003642061,20.459999,1
10/25/2019,12.65,301.600006,-0.077315828,-0.112280702,0.004094986,0.012182451,19.790001,1
10/28/2019,13.11,303.299988,0.036363636,-0.063571429,0.005636545,0.011033695,19.98,1
10/29/2019,13.2,303.209991,0.006864989,-0.087136929,-0.000296726,0.014046289,19.959999,1
10/30/2019,12.33,304.140015,-0.065909091,-0.119914347,0.00306726,0.014205715,19.469999,1
10/31/2019,13.22,303.329987,0.072181671,-0.035740336,-0.002663339,0.009854486,19.75,1
11/1/2019,12.3,306.140015,-0.069591528,-0.027667984,0.009263931,0.01505308,18.870001,1
11/4/2019,12.83,307.369995,0.043089431,-0.021357742,0.004017704,0.013419081,18.9,1
11/5/2019,13.1,307.029999,0.021044427,-0.007575758,-0.001106146,0.012598556,19.290001,1
11/6/2019,12.62,307.100006,-0.036641221,0.02351987,0.000228014,0.00973233,19.219999,1
11/7/2019,12.73,308.179993,0.008716323,-0.037065053,0.003516727,0.015989207,19.040001,1
11/8/2019,12.07,308.940002,-0.051846033,-0.018699187,0.002466121,0.009146099,18.639999,1
11/11/2019,12.69,308.350006,0.051367026,-0.010911925,-0.001909743,0.003188376,18.57,1
11/12/2019,12.68,309,-0.000788022,-0.032061069,0.002107975,0.006416314,18.35,1
11/13/2019,13,309.100006,0.025236593,0.030110935,0.000323644,0.006512537,18.48,1
11/14/2019,13.05,309.549988,0.003846154,0.025137471,0.001455781,0.004445438,18.18,1
11/15/2019,12.05,311.790009,-0.076628352,-0.001657001,0.007236379,0.009225115,17.4,0
11/18/2019,12.46,312.019989,0.034024896,-0.018124507,0.000737612,0.011902004,17.379999,0
11/19/2019,12.86,311.929993,0.032102729,0.014195584,-0.00028843,0.009482178,17.57,1
11/20/2019,12.78,310.769989,-0.00622084,-0.016923077,-0.003718796,0.005402727,17.75,1
11/21/2019,13.13,310.269989,0.027386541,0.006130268,-0.001608907,0.00232596,17.790001,1
11/22/2019,12.34,310.959991,-0.060167555,0.02406639,0.002223876,-0.002662106,17.280001,1
11/25/2019,11.87,313.369995,-0.03808752,-0.047351525,0.007750206,0.004326665,16.530001,1
11/26/2019,11.54,314.079987,-0.027801179,-0.102643857,0.002265667,0.006892553,16.290001,1
11/27/2019,11.75,315.480011,0.018197574,-0.080594679,0.00445754,0.015155974,16.209999,1
11/29/2019,12.62,314.309998,0.074042553,-0.038842346,-0.003708676,0.013020947,16.540001,1
12/2/2019,14.91,311.640015,0.181458003,0.208265802,-0.008494744,0.002186854,17.4,1
12/3/2019,15.96,309.549988,0.070422535,0.344566133,-0.006706542,-0.012190085,18.41,1
12/4/2019,14.8,311.459991,-0.072681704,0.282495667,0.006170257,-0.008341811,17.559999,1
12/5/2019,14.52,312.019989,-0.018918919,0.235744681,0.001797977,-0.010967484,17.33,1
12/6/2019,13.62,314.869995,-0.061983471,0.079239303,0.009134049,0.001781671,16.73,1
12/9/2019,15.86,313.880005,0.164464023,0.063715627,-0.003144123,0.007187748,17.6,1
12/10/2019,15.68,313.529999,-0.011349306,-0.01754386,-0.001115095,0.01285741,17.629999,1
12/11/2019,14.99,314.420013,-0.044005102,0.012837838,0.002838688,0.009503699,17.219999,1
12/12/2019,13.94,317.130005,-0.070046698,-0.039944904,0.008619019,0.016377207,16.200001,1
12/13/2019,12.63,317.320007,-0.093974175,-0.072687225,0.00059913,0.007781027,15.53,1
12/16/2019,12.14,319.5,-0.038796516,-0.234552333,0.006870014,0.017904916,15.2,1
12/17/2019,12.29,319.570007,0.012355848,-0.21619898,0.000219114,0.01926453,15.09,1
12/18/2019,12.58,319.589996,0.02359642,-0.160773849,6.25497E-05,0.01644292,15.24,1
12/19/2019,12.5,320.899994,-0.0063593,-0.103299857,0.004098996,0.011887834,14.86,1
12/20/2019,12.51,320.730011,0.0008,-0.009501188,-0.000529707,0.010746262,15.04,1
12/23/2019,12.61,321.220001,0.007993605,0.038714992,0.001527734,0.005383415,15.09,1
12/24/2019,12.67,321.230011,0.004758128,0.030919447,3.11624E-05,0.005194492,14.94,1
12/26/2019,12.65,322.940002,-0.001578532,0.005564388,0.00532326,0.010482199,14.92,1
12/27/2019,13.43,322.859985,0.061660079,0.0744,-0.000247777,0.006107794,15.23,1
12/30/2019,14.82,321.079987,0.103499628,0.184652278,-0.00551322,0.001091186,15.76,1
12/31/2019,13.78,321.859985,-0.070175439,0.092783505,0.002429295,0.001992354,15.12,1
1/2/2020,12.47,324.869995,-0.095065312,-0.01578532,0.009351924,0.011331395,14.51,1
1/3/2020,14.02,322.410004,0.124298316,0.108300395,-0.007572232,-0.001641166,15.29,0
1/6/2020,13.85,323.640015,-0.012125535,0.031273269,0.003815052,0.002416001,15.08,1
1/7/2020,13.79,322.730011,-0.00433213,-0.069500675,-0.002811778,0.005138981,15.01,1
1/8/2020,13.45,324.450012,-0.024655547,-0.02394775,0.005329535,0.008047061,14.8,1
1/9/2020,12.54,326.649994,-0.067657993,0.005613472,0.00678065,0.005479112,14.18,0
1/10/2020,12.56,325.709991,0.001594896,-0.104136947,-0.002877707,0.010235374,14.12,0
1/13/2020,12.32,327.950012,-0.01910828,-0.110469314,0.006877348,0.013317256,13.76,0
1/14/2020,12.39,327.450012,0.005681818,-0.101522843,-0.001524623,0.014625231,13.66,0
1/15/2020,12.42,328.190002,0.002421308,-0.076579926,0.002259856,0.011527169,13.62,0
1/16/2020,12.32,330.920013,-0.00805153,-0.01754386,0.008318386,0.013072154,13.29,0
1/17/2020,12.1,331.950012,-0.017857143,-0.036624204,0.003112532,0.019158212,13.32,0
1/21/2020,12.85,331.299988,0.061983471,0.043019481,-0.001958198,0.010214898,13.43,0
1/22/2020,12.91,331.339996,0.004669261,0.04196933,0.000120761,0.011879627,13.54,1
1/23/2020,12.98,331.720001,0.005422153,0.045088567,0.001146873,0.010755961,13.49,0
1/24/2020,14.56,328.769989,0.121725732,0.181818182,-0.008893078,-0.006497111,14.24,1
1/27/2020,18.23,323.5,0.25206044,0.50661157,-0.01602941,-0.025455676,15.71,1
1/28/2020,16.280001,326.890015,-0.106966484,0.266926148,0.010479181,-0.013311117,14.83,1
1/29/2020,16.389999,326.619995,0.006756633,0.269558404,-0.000826027,-0.014245189,14.85,1
1/30/2020,15.49,327.679993,-0.054911474,0.193374422,0.003245356,-0.01217897,14.6,0
1/31/2020,18.84,321.730011,0.21626856,0.293956044,-0.018157904,-0.02141308,16.200001,0
2/3/2020,17.969999,324.119995,-0.046178397,-0.01426226,0.007428539,0.001916522,15.58,0
2/4/2020,16.049999,329.059998,-0.106844747,-0.014127886,0.015241278,0.006638266,14.83,0
2/5/2020,15.15,332.859985,-0.056074708,-0.075655831,0.011548007,0.01910474,14.2,0
2/6/2020,14.96,333.980011,-0.012541254,-0.034215623,0.003364856,0.01922613,14.09,0
2/7/2020,15.47,332.200012,0.034090909,-0.178874735,-0.005329657,0.032542817,14.38,0
2/10/2020,15.04,334.679993,-0.027795734,-0.16304948,0.007465325,0.03258052,14.1,0
2/11/2020,15.18,335.26001,0.009308511,-0.054205549,0.00173305,0.018841585,14.12,0
2/12/2020,13.74,337.420013,-0.09486166,-0.093069307,0.00644277,0.013699538,13.4,0
2/13/2020,14.15,337.059998,0.029839884,-0.054144385,-0.001066964,0.00922207,13.69,0
2/14/2020,13.68,337.600006,-0.033215548,-0.115707822,0.001602112,0.016255249,13.52,0
2/18/2020,14.83,336.730011,0.084064327,-0.013962766,-0.002576999,0.006125308,13.76,0
2/19/2020,14.38,338.339996,-0.030343898,-0.052700922,0.004781234,0.009186858,13.56,0
2/20/2020,15.56,336.950012,0.082058414,0.132459971,-0.004108246,-0.001392926,14.04,0
2/21/2020,17.08,333.480011,0.097686375,0.207067138,-0.010298266,-0.010621216,14.9,0
2/24/2020,25.030001,322.420013,0.465456733,0.829678436,-0.0331654,-0.044964433,17.67,0
2/25/2020,27.85,312.649994,0.112664758,0.877950101,-0.030302148,-0.071511348,19.34,0
2/26/2020,27.559999,311.5,-0.010412962,0.916550695,-0.003678215,-0.079328475,18.93,0
2/27/2020,39.16,297.51001,0.420899906,1.516709512,-0.044911685,-0.117050009,22,0
2/28/2020,40.110001,296.26001,0.024259474,1.348360714,-0.004201539,-0.111610891,22.809999,0
3/2/2020,33.419998,309.089996,-0.166791394,0.335197629,0.043306506,-0.04134364,22.030001,0
3/3/2020,36.82,300.23999,0.101735554,0.322082585,-0.028632457,-0.039692961,24.450001,0
3/4/2020,31.99,312.859985,-0.131178707,0.160740245,0.042033025,0.004365923,23,0
3/5/2020,39.619999,302.459991,0.238512004,0.011746655,-0.033241688,0.016638032,26.68,0
3/6/2020,41.939999,297.459991,0.058556286,0.045624482,-0.016531112,0.004050432,29.82,0
3/9/2020,54.459999,274.230011,0.298521705,0.629563203,-0.078094469,-0.112782638,36.959999,0
3/10/2020,47.299999,288.420013,-0.131472643,0.284627892,0.051744891,-0.03936843,34.110001,0
3/11/2020,53.900002,274.359985,0.13953495,0.684901594,-0.048748448,-0.123058243,38.66,0
3/12/2020,75.470001,248.110001,0.400185495,0.904846111,-0.095677159,-0.179693155,47.360001,1
3/13/2020,57.830002,269.320007,-0.233735243,0.378874663,0.0854863,-0.094600904,43.200001,0
3/16/2020,82.690002,239.850006,0.42988067,0.518362165,-0.109423735,-0.125369229,59.209999,1
3/17/2020,75.910004,252.800003,-0.08199296,0.604862698,0.053992065,-0.12350048,58.509998,1
3/18/2020,76.449997,240,0.007113595,0.418367239,-0.050632923,-0.125236867,69,1
3/19/2020,72,240.509995,-0.058207942,-0.045978547,0.002124979,-0.030631599,62,1
3/20/2020,66.040001,228.800003,-0.082777764,0.141967815,-0.048688172,-0.150453004,60.549999,1
3/23/2020,61.59,222.949997,-0.067383418,-0.25516993,-0.025568208,-0.07046074,51.130001,1
3/24/2020,61.669998,243.149994,0.00129888,-0.187590637,0.090603262,-0.038172504,47.150002,1
3/25/2020,63.950001,246.789993,0.036971024,-0.163505513,0.014970179,0.028291638,50.900002,1
3/26/2020,61,261.200012,-0.046129804,-0.152777778,0.058389803,0.086025602,45.619999,1
3/27/2020,65.540001,253.419998,0.074426246,-0.007571169,-0.029785657,0.107604872,50.599998,1
3/30/2020,57.080002,261.649994,-0.12908146,-0.073226141,0.032475716,0.173581509,48.630001,1
3/31/2020,53.540001,257.75,-0.062018235,-0.131830667,-0.014905385,0.060045266,46.25,1
4/1/2020,57.060001,246.149994,0.065745236,-0.107740421,-0.045004873,-0.002593294,50.220001,1
4/2/2020,50.91,251.830002,-0.107781298,-0.165409836,0.023075394,-0.035872931,47.360001,1
4/3/2020,46.799999,248.190002,-0.080730721,-0.285932281,-0.014454195,-0.020637661,45.450001,1
4/6/2020,45.240002,264.859985,-0.03333327,-0.207428164,0.067166215,0.012268263,42.209999,1
4/7/2020,46.700001,265.130005,0.032272302,-0.127754947,0.001019482,0.028632415,43.41,1
4/8/2020,43.349998,274.029999,-0.071734538,-0.240273445,0.033568415,0.113264293,42.400002,1
4/9/2020,41.669998,278.200012,-0.038754327,-0.181496798,0.015217359,0.104713536,41.57,1
4/13/2020,41.169998,275.660004,-0.011999041,-0.120299169,-0.009130151,0.11068134,40.709999,1
4/14/2020,37.759998,283.790009,-0.082827305,-0.165340488,0.029492871,0.071471816,37.41,0
4/15/2020,40.84,277.76001,0.081567854,-0.125481817,-0.021248102,0.047637026,40.41,1
4/16/2020,40.110001,279.100006,-0.017874608,-0.074740419,0.004824294,0.01850165,40.740002,1
4/17/2020,38.150002,286.640015,-0.048865593,-0.08447315,0.027015438,0.030337896,39.049999,1
4/20/2020,43.830002,281.589996,0.148885969,0.064610253,-0.017617983,0.021511978,42.84,1
4/21/2020,45.41,273.040009,0.036048321,0.202595403,-0.030363248,-0.037880121,46.419998,1
4/22/2020,41.98,279.100006,-0.075534023,0.02791381,0.022194539,0.004824294,44.189999,1
4/23/2020,41.380001,279.079987,-0.014292496,0.031662926,-7.1727E-05,-7.1727E-05,44.060001,1
4/24/2020,35.93,282.970001,-0.131706159,-0.058191399,0.013938706,-0.012803565,41.52,1
4/27/2020,33.290001,287.049988,-0.073476176,-0.240474573,0.014418444,0.019389865,38.459999,1
4/28/2020,33.57,285.730011,0.008410904,-0.260735521,-0.004598422,0.046476713,39.07,1
4/29/2020,31.23,293.209991,-0.069705094,-0.256074321,0.026178489,0.050555302,36.705002,1
4/30/2020,34.150002,290.480011,0.093499904,-0.17472206,-0.009310665,0.04084859,37.869999,1
5/1/2020,37.189999,282.790009,0.089018941,0.03506816,-0.026473429,-0.000636082,41.189999,1
5/4/2020,35.970001,283.570007,-0.032804464,0.080504654,0.002758223,-0.012123258,40.259998,1
5/5/2020,33.610001,286.190002,-0.065610229,0.00119157,0.009239323,0.00160988,38.669998,1
5/6/2020,34.119999,284.25,0.015173995,0.092539193,-0.00677872,-0.030558273,39.209999,1
5/7/2020,31.440001,287.679993,-0.078546251,-0.079355808,0.012066818,-0.009639279,37.470001,1
5/8/2020,27.98,292.440002,-0.110050919,-0.247647197,0.016546194,0.034124236,34.950001,1
5/11/2020,27.57,292.5,-0.014653324,-0.233527961,0.000205163,0.031491317,32.619999,1
5/12/2020,33.040001,286.670013,0.198404099,-0.016959238,-0.019931579,0.001677246,35.900002,1
5/13/2020,35.279999,281.600006,0.067796548,0.033997656,-0.017685864,-0.009322758,39.650002,1
5/14/2020,32.610001,284.970001,-0.075680218,0.037213739,0.011967312,-0.009420162,37.470001,1
5/15/2020,31.889999,286.279999,-0.022079177,0.139742638,0.004596968,-0.02106416,36.599998,1
5/18/2020,29.299999,295,-0.081216685,0.062749329,0.030459693,0.008547009,34.240002,1
5/19/2020,30.530001,291.970001,0.041979592,-0.075968521,-0.010271183,0.018488114,36.029999,1
5/20/2020,27.99,296.929993,-0.083196886,-0.206632631,0.016988019,0.054438873,33.700001,0
5/21/2020,29.530001,294.880005,0.055019686,-0.094449552,-0.006903944,0.034775604,34.68,0
5/22/2020,28.16,295.440002,-0.04639353,-0.116964538,0.001899067,0.031996657,34.349998,0
5/26/2020,28.01,299.079987,-0.005326705,-0.044027271,0.012320556,0.013830464,33.830002,0
5/27/2020,27.620001,303.529999,-0.013923563,-0.095316079,0.014879003,0.039593102,33.150002,0
5/28/2020,28.59,302.970001,0.035119441,0.021436227,-0.001844951,0.020341522,34.48,0
5/29/2020,27.51,304.320007,-0.037775446,-0.068405043,0.004455907,0.032013028,33.130001,0
6/1/2020,28.23,305.549988,0.026172301,0.002485795,0.004041736,0.034220099,33.419998,0
6/2/2020,26.84,308.079987,-0.049238399,-0.041770796,0.008280148,0.030092284,32.490002,0
6/3/2020,25.66,312.179993,-0.043964232,-0.070963104,0.013308252,0.028497987,31.09,0
6/4/2020,25.809999,311.359985,0.005845635,-0.097236831,-0.002626715,0.027692458,30.84,0
6/5/2020,24.52,319.339996,-0.049980591,-0.10868775,0.025629533,0.049355904,29.17,0
6/8/2020,25.809999,323.200012,0.052610073,-0.085724442,0.012087481,0.057764767,29.82,0
6/9/2020,27.57,320.790009,0.068190665,0.027198212,-0.007456692,0.041255591,31.27,0
6/10/2020,27.57,319,0,0.074434918,-0.005580002,0.021846394,31.129999,0
6/11/2020,40.790001,300.609985,0.479506746,0.580395296,-0.05764895,-0.034525952,41.610001,1
6/12/2020,36.09,304.209991,-0.115224341,0.471859706,0.01197567,-0.047378985,38.709999,1
6/15/2020,34.400002,307.049988,-0.046827321,0.332816867,0.009335647,-0.049969132,37.720001,1
6/16/2020,33.669998,312.959991,-0.021221045,0.221254915,0.01924769,-0.024408547,36.869999,1
6/17/2020,33.470001,311.660004,-0.005939917,0.214000762,-0.004153844,-0.023009392,36.98,1
6/18/2020,32.939999,311.779999,-0.015835135,-0.192449174,0.000385019,0.037157828,36.310001,1
6/19/2020,35.119999,308.640015,0.066180937,-0.026877279,-0.010071153,0.014562388,36.889999,1
6/22/2020,31.77,310.619995,-0.095387218,-0.076453542,0.006415176,0.011626794,35.09,1
6/23/2020,31.370001,312.049988,-0.012590463,-0.068309983,0.004603673,-0.00290773,34.450001,1
6/24/2020,33.84,304.089996,0.078737613,0.011054646,-0.025508708,-0.024289315,36.720001,1
6/25/2020,32.220001,307.350006,-0.047872311,-0.021857863,0.010720543,-0.014208715,35.389999,1
6/26/2020,34.73,300.049988,0.077901891,-0.011104755,-0.023751482,-0.027831864,37.5,1
6/29/2020,31.780001,304.459991,-0.084940944,0.000314794,0.014697561,-0.019831318,35.68,1
6/30/2020,30.43,308.359985,-0.042479577,-0.029964966,0.012809545,-0.011825038,33.950001,1
7/1/2020,28.620001,310.519989,-0.059480743,-0.15425529,0.007004813,0.021145033,32.889999,1
7/2/2020,27.68,312.230011,-0.032844199,-0.140906296,0.005506963,0.01587768,32.32,1
7/6/2020,27.940001,317.049988,0.0093931,-0.195508177,0.015437264,0.056657226,32.279999,1
7/7/2020,29.43,313.779999,0.053328524,-0.073945907,-0.010313796,0.030611602,33.389999,1
7/8/2020,28.08,316.179993,-0.04587156,-0.077226421,0.007648652,0.025359996,32.549999,1
7/9/2020,29.26,314.380005,0.042022792,0.022361949,-0.005692922,0.012430813,33.060001,1
7/10/2020,27.290001,317.589996,-0.067327375,-0.014089559,0.010210544,0.017166783,32.150002,1
7/13/2020,32.189999,314.839996,0.17955287,0.152111591,-0.008658963,-0.006970484,35.240002,1
7/14/2020,29.52,318.920013,-0.082944985,0.003058104,0.012959017,0.016380948,33.209999,1
7/15/2020,27.76,321.850006,-0.059620596,-0.011396011,0.009187235,0.017932865,32.259998,1
7/16/2020,28,320.790009,0.008645533,-0.043062201,-0.00329345,0.02038935,31.76,1
7/17/2020,25.68,321.720001,-0.082857143,-0.058996004,0.002899068,0.013004204,30.620001,1
7/20/2020,24.459999,324.320007,-0.047507827,-0.240136696,0.00808158,0.030110568,29.23,1
7/21/2020,24.84,325.01001,0.01553561,-0.158536585,0.002127538,0.019095688,29.49,1
7/22/2020,24.32,326.859985,-0.020933977,-0.123919308,0.005692055,0.015566192,29.16,1
7/23/2020,26.08,322.959991,0.072368421,-0.068571429,-0.011931696,0.006764494,30.07,1
7/24/2020,25.84,320.880005,-0.009202454,0.00623053,-0.006440383,-0.002610954,30.17,1
7/27/2020,24.74,323.220001,-0.042569659,0.011447302,0.007292433,-0.00339173,29.34,1
7/28/2020,25.440001,321.170013,0.028294301,0.02415463,-0.006342392,-0.011815011,29.17,1
7/29/2020,24.1,325.119995,-0.052672993,-0.009046053,0.012298726,-0.00532335,28.57,1
7/30/2020,24.76,323.959991,0.027385892,-0.050613497,-0.003567926,0.003096359,29.200001,1
7/31/2020,24.459999,326.519989,-0.012116357,-0.053405611,0.007902204,0.017576614,28.52,1
8/3/2020,24.280001,328.790009,-0.007358872,-0.018593331,0.006952162,0.017232869,28.459999,1
8/4/2020,23.76,330.059998,-0.021416844,-0.066037773,0.003862614,0.027679997,27.620001,1
8/5/2020,22.99,332.109985,-0.032407407,-0.046058091,0.006210953,0.021499724,27.040001,1
8/6/2020,22.65,334.329987,-0.014789039,-0.085218094,0.006684539,0.032010113,26.74,1
8/7/2020,22.209999,334.570007,-0.019426093,-0.091986921,0.000717913,0.024653982,26.530001,1
8/10/2020,22.129999,335.570007,-0.003601981,-0.088550326,0.002988911,0.020621058,25.75,0
8/11/2020,24.030001,332.799988,0.085856398,0.011363678,-0.008254668,0.008301491,26.950001,0
8/12/2020,22.280001,337.440002,-0.072825632,-0.030882949,0.01394235,0.016048951,25.530001,0
8/13/2020,22.129999,336.829987,-0.006732585,-0.022958102,-0.001807773,0.007477642,25.51,0
8/14/2020,22.049999,336.839996,-0.003615002,-0.007203963,2.97153E-05,0.006784795,25.440001,0
8/17/2020,21.35,337.910004,-0.031745988,-0.035246228,0.003176606,0.006973201,24.59,0
8/18/2020,21.51,338.640015,0.007494145,-0.104868951,0.002160371,0.017548159,24.33,0
8/19/2020,22.540001,337.230011,0.047884751,0.011669658,-0.004163725,-0.000622306,24.77,0
8/20/2020,22.719999,338.279999,0.007985714,0.026660643,0.003113566,0.004304878,24.5,0
8/21/2020,22.540001,339.480011,-0.007922448,0.022222314,0.003547393,0.007837594,24.629999,0
8/24/2020,22.370001,342.920013,-0.007542147,0.047775222,0.01013315,0.01482646,24.52,0
8/25/2020,22.030001,344.119995,-0.015198926,0.024174849,0.003499306,0.016182317,24.389999,0
8/26/2020,23.27,347.570007,0.056286834,0.032386822,0.010025607,0.030661553,24.93,1
8/27/2020,24.469999,348.329987,0.0515685,0.077024651,0.002186552,0.029709081,25.719999,1
8/28/2020,22.959999,350.579987,-0.061708217,0.018633451,0.006459392,0.032696994,25.58,1
8/31/2020,26.41,349.309998,0.150261374,0.180598964,-0.003622537,0.018634039,26.85,1
9/1/2020,26.120001,352.600006,-0.010980651,0.185655915,0.009418591,0.024642599,27.27,1
9/2/2020,26.57,357.700012,0.017228139,0.141813494,0.014463999,0.029145222,27.940001,1
9/3/2020,33.599998,345.390015,0.264584042,0.373109905,-0.034414304,-0.008440192,31.709999,1
9/4/2020,30.75,342.570007,-0.084821374,0.339285773,-0.008164706,-0.022847796,28.92,1
9/8/2020,31.459999,333.209991,0.023089398,0.191215411,-0.027322929,-0.046090885,28.280001,1
9/9/2020,28.809999,339.790009,-0.084233951,0.102986137,0.019747361,-0.03633011,26.83,1
9/10/2020,29.709999,333.890015,0.031239154,0.118178359,-0.017363648,-0.066564149,27.129999,1
9/11/2020,26.870001,334.059998,-0.095590646,-0.200297542,0.000509099,-0.032803545,25.52,0
9/14/2020,25.85,338.459991,-0.037960587,-0.159349593,0.013171266,-0.011997594,25.07,1
9/15/2020,25.59,340.170013,-0.010058027,-0.186586115,0.005052361,0.020887795,25.030001,0
9/16/2020,26.040001,338.820007,0.017585033,-0.096147105,-0.003968621,-0.00285471,24.959999,1
9/17/2020,26.459999,335.839996,0.016128955,-0.109390781,-0.008795263,0.00584019,24.389999,1
9/18/2020,25.83,330.649994,-0.023809487,-0.038704911,-0.015453794,-0.010207759,24.370001,1
9/21/2020,27.780001,326.970001,0.075493651,0.074661547,-0.011129572,-0.033947853,25.16,1
9/22/2020,26.860001,330.299988,-0.033117349,0.0496288,0.010184381,-0.029014977,25.360001,1
9/23/2020,28.58,322.640015,0.064035701,0.097542201,-0.023190958,-0.047753945,26.700001,1
9/24/2020,28.51,323.5,-0.002449265,0.077475475,0.002665463,-0.036743676,26.190001,1
9/25/2020,26.379999,328.730011,-0.074710663,0.021293031,0.016166958,-0.005806693,25.540001,1
9/28/2020,26.190001,334.190002,-0.007202351,-0.057235419,0.016609348,0.02208154,25.360001,1
9/29/2020,26.27,332.369995,0.003054563,-0.021965785,-0.005446025,0.006267051,24.940001,1
9/30/2020,26.370001,334.890015,0.003806662,-0.077326767,0.007581972,0.037968012,24.9,1
10/1/2020,26.700001,337.040009,0.01251422,-0.063486461,0.00642,0.041854742,25.01,1
10/2/2020,27.629999,333.839996,0.034831384,0.047384384,-0.00949446,0.015544626,25.780001,1
10/5/2020,27.959999,339.76001,0.01194354,0.067582968,0.017733088,0.016667189,24.969999,1
10/6/2020,29.48,334.929993,0.054363414,0.122192615,-0.014215967,0.007702254,25.32,1
10/7/2020,28.059999,340.76001,-0.048168284,0.0640879,0.017406673,0.017528128,24.49,0
10/8/2020,26.360001,343.779999,-0.060584393,-0.012734082,0.00886251,0.019997596,23.51,0
10/9/2020,25,346.850006,-0.051593359,-0.095186359,0.00893015,0.038970795,22.290001,0
10/12/2020,25.07,352.429993,0.0028,-0.103361914,0.016087608,0.037290978,21.85,0
10/13/2020,26.07,350.130005,0.039888313,-0.115671642,-0.006526085,0.045382654,22.15,0
10/14/2020,26.4,347.929993,0.012658228,-0.059158912,-0.006283415,0.021041152,21.92,0
10/15/2020,26.969999,347.5,0.021590871,0.023141046,-0.001235861,0.010820877,22.110001,1
10/16/2020,27.41,347.290009,0.016314461,0.0964,-0.000604291,0.001268569,22.27,1
10/19/2020,29.18,342.01001,0.064574973,0.163940965,-0.015203429,-0.029566107,23.24,1
10/20/2020,29.35,343.380005,0.005825908,0.125815113,0.004005716,-0.019278553,23.23,1
10/21/2020,28.65,342.730011,-0.023850085,0.085227273,-0.001892929,-0.014945484,22.68,1
10/22/2020,28.110001,344.609985,-0.018848133,0.042269264,0.005485291,-0.00831659,22.15,1
10/23/2020,27.549999,345.779999,-0.019921806,0.005107588,0.003395183,-0.00434798,22.17,1
10/26/2020,32.459999,339.390015,0.178221422,0.112405723,-0.018479912,-0.00766058,24.17,1
10/27/2020,33.349998,338.220001,0.027418331,0.136286133,-0.003447403,-0.015027095,24.27,1
10/28/2020,40.279999,326.660004,0.207796144,0.405933647,-0.034178928,-0.04688824,27.73,1
10/29/2020,37.59,329.980011,-0.066782499,0.337246484,0.010163494,-0.042453715,25.75,1
10/30/2020,38.02,326.540009,0.011439213,0.380036348,-0.01042488,-0.055642287,26.530001,1
11/2/2020,37.130001,330.200012,-0.023408706,0.143869444,0.011208437,-0.027078001,25.940001,1
11/3/2020,35.549999,336.029999,-0.042553244,0.06596705,0.017655926,-0.006475081,24.51,1
11/4/2020,29.57,343.540009,-0.16821376,-0.26588876,0.022349225,0.051674539,22.35,1
11/5/2020,27.58,350.23999,-0.067297937,-0.266294227,0.019502768,0.061397595,21.98,1
11/6/2020,24.860001,350.160004,-0.098622154,-0.346133588,-0.000228375,0.072334153,20.52,1
11/9/2020,25.75,354.559998,0.035800441,-0.306490727,0.012565667,0.073773426,20.07,1
11/10/2020,24.799999,354.040009,-0.036893243,-0.302391007,-0.001466575,0.053596435,19.469999,1
11/11/2020,23.450001,356.670013,-0.054435405,-0.206966486,0.00742855,0.038219723,18.99,1
11/12/2020,25.35,353.209991,0.081023408,-0.080855693,-0.009700905,0.008479903,20.33,1
11/13/2020,23.1,358.100006,-0.088757396,-0.070796498,0.013844498,0.022675354,19.08,1
11/16/2020,22.450001,362.570007,-0.028138485,-0.128155301,0.012482549,0.022591406,18.540001,1
11/17/2020,22.709999,360.619995,0.011581202,-0.084274197,-0.005378305,0.018585431,18.299999,1
11/18/2020,23.84,356.279999,0.049757862,0.016631087,-0.012034818,-0.001093487,18.84,1
11/19/2020,23.110001,357.779999,-0.030620763,-0.08836288,0.004210172,0.012938502,18.639999,1
11/20/2020,23.700001,355.329987,0.025530072,0.025974069,-0.006847817,-0.007735322,18.6,1
11/23/2020,22.66,357.459991,-0.043881897,0.009354075,0.005994439,-0.014093874,18.360001,1
11/24/2020,21.639999,363.220001,-0.045013283,-0.04711581,0.016113719,0.007209822,18.049999,1
11/25/2020,21.25,362.660004,-0.018022136,-0.10864094,-0.001541757,0.017907278,17.389999,1
11/27/2020,20.84,363.670013,-0.019294118,-0.098225915,0.002785002,0.01646267,17.51,1
11/30/2020,20.57,362.059998,-0.012955854,-0.132067547,-0.004427132,0.018940172,17.18,0
12/1/2020,20.77,366.019989,0.009722897,-0.083406884,0.010937389,0.02394673,17.35,0
12/2/2020,21.17,366.790009,0.019258546,-0.021718994,0.002103765,0.009828776,17.26,0
12/3/2020,21.280001,366.690002,0.005196079,0.001411812,-0.000272655,0.011112331,17.42,1
12/4/2020,20.790001,369.850006,-0.023026315,-0.002399184,0.008617644,0.016993408,17.110001,1
12/7/2020,21.299999,369.089996,0.024530927,0.035488527,-0.002054914,0.019416666,17.209999,0
12/8/2020,20.68,370.170013,-0.029107936,-0.004333173,0.002926162,0.011338244,16.59,0
12/9/2020,22.27,366.850006,0.07688588,0.051960321,-0.008968871,0.000163573,17.200001,1
12/10/2020,22.52,366.730011,0.011225864,0.058270627,-0.000327096,0.000109109,17.360001,0
12/11/2020,23.309999,366.299988,0.035079885,0.121212019,-0.001172587,-0.009598534,18,1
12/14/2020,24.719999,364.660004,0.060489063,0.160563388,-0.004477161,-0.012002471,18.41,1
12/15/2020,22.889999,369.589996,-0.074029129,0.106866489,0.013519421,-0.001566894,17.559999,1
12/16/2020,22.5,370.170013,-0.017037965,0.010327795,0.001569353,0.009050039,16.99,1
12/17/2020,21.93,372.23999,-0.025333333,-0.026198934,0.005591963,0.01502462,16.75,0
12/18/2020,21.57,369.179993,-0.016415869,-0.074646035,-0.008220495,0.007862422,17.08,1
12/21/2020,25.16,367.859985,0.166434863,0.017799394,-0.003575513,0.008775245,18.440001,1
12/22/2020,24.23,367.23999,-0.036963434,0.058540894,-0.00168541,-0.006358413,18.110001,1
12/23/2020,23.309999,367.570007,-0.037969501,0.035999956,0.000898641,-0.007023816,17.379999,1
12/24/2020,21.530001,369,-0.076361994,-0.018239808,0.003890396,-0.008704035,16.879999,1
12/28/2020,21.700001,372.170013,0.007895959,0.006026936,0.008590821,0.008099085,16.82,1
12/29/2020,23.08,371.459991,0.063594421,-0.082670906,-0.001907789,0.009786348,17.43,1
12/30/2020,22.77,371.98999,-0.013431542,-0.060255881,0.0014268,0.012934321,16.799999,1
12/31/2020,22.75,373.880005,-0.000878349,-0.024023982,0.005080822,0.017166792,16.790001,0
1/4/2021,26.969999,368.790009,0.185494462,0.252670587,-0.013613983,-0.000569081,18.25,1
1/5/2021,25.34,371.329987,-0.060437488,0.167741882,0.006887329,-0.002257103,17.639999,0
1/6/2021,25.07,373.549988,-0.010655091,0.086221837,0.005978513,0.005626439,17.549999,0
1/7/2021,22.370001,379.100006,-0.107698404,-0.01756693,0.014857497,0.019113461,16.5,0
1/8/2021,21.559999,381.26001,-0.036209297,-0.052307736,0.005697716,0.019738967,16.35,0
1/11/2021,24.08,378.690002,0.116883169,-0.107156066,-0.006740828,0.026844526,17.34,0
1/12/2021,23.33,378.769989,-0.031146179,-0.079321231,0.00021122,0.020036093,16.75,0
1/13/2021,22.209999,379.790009,-0.048006901,-0.114080614,0.00269298,0.016704648,16.49,0
1/14/2021,23.25,378.459991,0.046825801,0.039338353,-0.003501983,-0.001688248,16.68,1
1/15/2021,24.34,375.700012,0.04688172,0.128942538,-0.007292657,-0.014583218,17.110001,1
1/19/2021,23.24,378.649994,-0.045193098,-0.034883721,0.007851961,-0.000105648,16.629999,1
1/20/2021,21.58,383.890015,-0.071428571,-0.075010716,0.013838693,0.013517507,16.309999,0
1/21/2021,21.32,384.23999,-0.012048193,-0.040071996,0.000911654,0.011716951,16.18,0
1/22/2021,21.91,382.880005,0.027673546,-0.057634409,-0.003539416,0.011678947,16.4,1
1/25/2021,23.190001,384.390015,0.058420858,-0.047247288,0.00394382,0.023130164,17.059999,1
1/26/2021,23.02,383.790009,-0.007330789,-0.009466437,-0.00156093,0.013574581,17.200001,1
1/27/2021,37.209999,374.410004,0.61642046,0.724281696,-0.024440462,-0.024694602,20.25,1
1/28/2021,30.209999,377.630005,-0.188121478,0.416979315,0.0086002,-0.017202751,19.790001,1
1/29/2021,33.09,370.070007,0.095332708,0.510269283,-0.02001959,-0.033456952,21.08,1
2/1/2021,30.24,376.230011,-0.08612874,0.304010293,0.01664551,-0.021228449,19.879999,1
2/2/2021,25.559999,381.549988,-0.154761938,0.110338792,0.014140225,-0.00583658,18.190001,1
2/3/2021,22.91,381.850006,-0.103677586,-0.384305278,0.000786314,0.019871269,17.25,1
2/4/2021,21.77,386.190002,-0.04975993,-0.279377666,0.011365709,0.022667682,16.5,1
2/5/2021,20.870001,387.709991,-0.041341249,-0.36929583,0.003935858,0.047666614,16.469999,1
2/8/2021,21.24,390.51001,0.017728749,-0.297619048,0.007221942,0.037955502,16.33,1
2/9/2021,21.629999,390.25,0.018361535,-0.153755875,-0.000665822,0.022801762,16.4,1
2/10/2021,21.99,390.079987,0.016643598,-0.040157137,-0.000435652,0.021552916,16.67,1
2/11/2021,21.25,390.709991,-0.03365166,-0.023886082,0.001615064,0.011704055,16.280001,1
2/12/2021,19.969999,392.640015,-0.060235341,-0.043124195,0.004939787,0.012715752,15.74,1
2/16/2021,21.459999,392.299988,0.074611922,0.010357768,-0.000866002,0.004583693,15.91,1
2/17/2021,21.5,392.390015,0.00186398,-0.006010125,0.000229485,0.005483703,15.58,1
2/18/2021,22.49,390.720001,0.046046512,0.022737608,-0.004256005,0.001640725,15.66,1
2/19/2021,22.049999,390.029999,-0.019564295,0.037647012,-0.001765976,-0.001740401,15.1,1
2/22/2021,23.450001,387.029999,0.063492157,0.174261501,-0.007691716,-0.014287938,15.73,1
2/23/2021,23.110001,387.5,-0.014498933,0.076887329,0.001214379,-0.012235504,15.08,1
2/24/2021,21.34,391.769989,-0.076590261,-0.00744186,0.011019326,-0.001580127,14.48,1
2/25/2021,28.889999,382.329987,0.353795642,0.284570876,-0.024095776,-0.021473213,16.790001,1
2/26/2021,27.950001,380.359985,-0.032537142,0.267573799,-0.005152622,-0.024793001,16.030001,1
3/1/2021,23.35,389.579987,-0.164579636,-0.004264435,0.0242402,0.006588606,14.84,1
3/2/2021,24.1,386.540009,0.032119914,0.042838553,-0.007803219,-0.002477396,14.97,1
3/3/2021,26.67,381.420013,0.106639004,0.249765698,-0.013245708,-0.026418501,15.61,1
3/4/2021,28.57,376.700012,0.071241095,-0.011076463,-0.012374812,-0.014725434,16.27,1
3/5/2021,24.66,383.630005,-0.136856843,-0.117710228,0.018396583,0.008597171,15.12,1
